time_point,average
t01,50.533777777777786
t03,34.63336842105263
t04,56.69336842105263
t08,63.30116279069767
t11,84.71712765957447
t12,86.07954545454545
t18,103.72227272727274
t20,93.3408695652174
